Department,Location,No,Yes,Attrition_Rate
Finance,California,47.368421052631575,52.63157894736842,52.63157894736842
Marketing,California,51.515151515151516,48.484848484848484,48.484848484848484
Marketing,Remote,57.89473684210527,42.10526315789473,42.10526315789473
HR,New York,60.46511627906976,39.53488372093023,39.53488372093023
Marketing,New York,60.526315789473685,39.473684210526315,39.473684210526315
HR,Remote,60.71428571428571,39.285714285714285,39.285714285714285
Sales,New York,60.71428571428571,39.285714285714285,39.285714285714285
Sales,Texas,60.97560975609756,39.02439024390244,39.02439024390244
HR,California,61.702127659574465,38.297872340425535,38.297872340425535
Engineering,California,62.5,37.5,37.5
Marketing,Virginia,62.7906976744186,37.2093023255814,37.2093023255814
Customer Support,Virginia,62.857142857142854,37.142857142857146,37.142857142857146
Customer Support,Washington,63.1578947368421,36.84210526315789,36.84210526315789
Customer Support,Texas,64.1025641025641,35.8974358974359,35.8974358974359
Finance,Remote,64.28571428571429,35.714285714285715,35.714285714285715
Finance,New York,64.86486486486487,35.13513513513514,35.13513513513514
Engineering,Texas,65.9090909090909,34.090909090909086,34.090909090909086
Engineering,Washington,66.66666666666666,33.33333333333333,33.33333333333333
Sales,California,66.66666666666666,33.33333333333333,33.33333333333333
Finance,Washington,67.3913043478261,32.608695652173914,32.608695652173914
Customer Support,California,68.18181818181817,31.818181818181817,31.818181818181817
HR,Virginia,68.42105263157895,31.57894736842105,31.57894736842105
Sales,Remote,68.62745098039215,31.372549019607842,31.372549019607842
Customer Support,Remote,70.0,30.0,30.0
Engineering,New York,70.27027027027027,29.72972972972973,29.72972972972973
HR,Washington,70.58823529411765,29.411764705882355,29.411764705882355
HR,Texas,70.73170731707317,29.268292682926827,29.268292682926827
Marketing,Texas,70.83333333333334,29.166666666666668,29.166666666666668
Finance,Virginia,71.11111111111111,28.888888888888886,28.888888888888886
Customer Support,New York,71.42857142857143,28.57142857142857,28.57142857142857
Engineering,Virginia,74.07407407407408,25.925925925925924,25.925925925925924
Marketing,Washington,74.4186046511628,25.581395348837212,25.581395348837212
Engineering,Remote,75.0,25.0,25.0
Finance,Texas,75.55555555555556,24.444444444444443,24.444444444444443
Sales,Virginia,75.55555555555556,24.444444444444443,24.444444444444443
Sales,Washington,76.31578947368422,23.684210526315788,23.684210526315788
